iter	Logloss
0	0.4600824397
1	0.3829179199
2	0.3532390335
3	0.3416175004
4	0.3342260666
5	0.3312096059
6	0.3291338741
7	0.3265323239
8	0.3255073643
9	0.3252613786
